pair,delta_rho
TLT-LQD,-0.5913845602983292
TIP-LQD,-0.42917110134851827
VNQ-TLT,-0.3131993852715482
HYG-TLT,-0.27506353394154615
EFA-TLT,-0.1914651318524194
SPY-TLT,-0.1774675839216502
HYG-GLD,-0.15272026921899667
TLT-TIP,-0.14929156127088627
LQD-GLD,-0.14740128294679175
VNQ-TIP,-0.14725758866256092
DBC-TLT,-0.12747627350265361
VNQ-UUP,-0.10917409262939243
EFA-GLD,-0.10180445218888717
HYG-TIP,-0.09515831132901034
SPY-UUP,-0.0717361927965221
VNQ-GLD,-0.050552069982701724
TLT-GLD,-0.04307061873792051
TIP-GLD,-0.04207932878307569
EFA-TIP,-0.0412939878692094
DBC-GLD,-0.04113195236945266
DBC-TIP,-0.03840260865198496
SPY-GLD,-0.026460376812637278
SPY-TIP,-0.005963746065345277
VNQ-LQD,0.005397467270702727
DBC-UUP,0.007471013633003787
EFA-UUP,0.031424770230540744
SPY-HYG,0.04935553763739786
HYG-UUP,0.051598501287315995
VNQ-HYG,0.06409846872211172
EFA-HYG,0.06596848832223412
SPY-EFA,0.10862892949109659
GLD-UUP,0.1415330196980082
TLT-UUP,0.14462147622211477
LQD-UUP,0.1527614628572429
SPY-VNQ,0.15548047401422804
TIP-UUP,0.161985565424702
HYG-DBC,0.1762273261558845
HYG-LQD,0.20127982719471565
EFA-VNQ,0.20364868906850087
SPY-LQD,0.23668461514417957
EFA-DBC,0.24252235763169944
EFA-LQD,0.24867418525866075
DBC-LQD,0.2952694260315099
SPY-DBC,0.3030896591532953
VNQ-DBC,0.34886571668008615
