pair,delta_rho
TLT-LQD,-0.591367337885601
TIP-LQD,-0.42914286686230163
VNQ-TLT,-0.3132129023938835
HYG-TLT,-0.2749614275072904
EFA-TLT,-0.19138031716162923
SPY-TLT,-0.1772884186445288
HYG-GLD,-0.15279835092448635
TLT-TIP,-0.1492726001472009
LQD-GLD,-0.14747102730139836
VNQ-TIP,-0.14728653159095131
DBC-TLT,-0.1275070994252824
VNQ-UUP,-0.10917967829025707
EFA-GLD,-0.10186547281244085
HYG-TIP,-0.09502633718054794
SPY-UUP,-0.07147173854574351
VNQ-GLD,-0.05054472252105479
TLT-GLD,-0.04313344337025568
TIP-GLD,-0.042210395589340394
EFA-TIP,-0.04117588430311126
DBC-GLD,-0.04111425577935324
DBC-TIP,-0.0384794576463202
SPY-GLD,-0.026571384344024243
SPY-TIP,-0.005712153700002831
VNQ-LQD,0.005375272716189705
DBC-UUP,0.007438623017685275
EFA-UUP,0.03159585198150522
SPY-HYG,0.04941207990613106
HYG-UUP,0.051796547495650685
VNQ-HYG,0.06405187324072703
EFA-HYG,0.06600089399274944
SPY-EFA,0.10862478463714886
GLD-UUP,0.1414996256928519
TLT-UUP,0.14475658950399484
LQD-UUP,0.15293051703931781
SPY-VNQ,0.15536741534914578
TIP-UUP,0.1622387616342592
HYG-DBC,0.17615365735926608
HYG-LQD,0.20135435515287875
EFA-VNQ,0.20361542787853837
SPY-LQD,0.23683109827436258
EFA-DBC,0.2424689341830007
EFA-LQD,0.2487500356179655
DBC-LQD,0.2952291396255099
SPY-DBC,0.30297426529883237
VNQ-DBC,0.3488708109266925
