bin,rho
0,0.144436233733594
1,0.16205717123557162
2,0.15916784949019078
3,0.1557435280218204
4,0.15503944919823603
5,0.15362968463428237
6,0.1474604214187645
7,0.14255506020742315
8,0.14593203318970233
9,0.12889969632370424
