bin,rho
0,0.1444549606222485
1,0.16206991082892946
2,0.15918013115511842
3,0.15575556078899597
4,0.1551566577236466
5,0.15364345726477105
6,0.1474780226577276
7,0.14257209293762615
8,0.1459463124815163
9,0.12889861156212903
